{"root":[{"assemblyName":"Assembly-CSharp","nameSpace":"__GEN","className":"NetworkVariableSerializationHelper","methodName":"InitializeSerialization","loadTypes":0,"isUnityClass":false},{"assemblyName":"Cinemachine","nameSpace":"Cinemachine","className":"CinemachineStoryboard","methodName":"InitializeModule","loadTypes":0,"isUnityClass":false},{"assemblyName":"Cinemachine","nameSpace":"Cinemachine","className":"CinemachineCore","methodName":"InitializeModule","loadTypes":0,"isUnityClass":false},{"assemblyName":"Cinemachine","nameSpace":"Cinemachine","className":"UpdateTracker","methodName":"InitializeModule","loadTypes":0,"isUnityClass":false},{"assemblyName":"Cinemachine","nameSpace":"Cinemachine","className":"CinemachineImpulseManager","methodName":"InitializeModule","loadTypes":0,"isUnityClass":false},{"assemblyName":"Cinemachine","nameSpace":"Cinemachine.PostFX","className":"CinemachinePostProcessing","methodName":"InitializeModule","loadTypes":0,"isUnityClass":false},{"assemblyName":"Unity.Collections","nameSpace":"","className":"$BurstDirectCallInitializer","methodName":"Initialize","loadTypes":2,"isUnityClass":true},{"assemblyName":"Unity.Netcode.Components","nameSpace":"__GEN","className":"INetworkMessageHelper","methodName":"InitializeMessages","loadTypes":0,"isUnityClass":true},{"assemblyName":"Unity.Netcode.Components","nameSpace":"__GEN","className":"NetworkVariableSerializationHelper","methodName":"InitializeSerialization","loadTypes":0,"isUnityClass":true},{"assemblyName":"Unity.Netcode.Runtime","nameSpace":"Unity.Netcode","className":"NetworkUpdateLoop","methodName":"Initialize","loadTypes":4,"isUnityClass":true},{"assemblyName":"Unity.Netcode.Runtime","nameSpace":"Unity.Netcode","className":"NetworkVariableSerializationTypes","methodName":"InitializeIntegerSerialization","loadTypes":2,"isUnityClass":true},{"assemblyName":"Unity.Netcode.Runtime","nameSpace":"__GEN","className":"INetworkMessageHelper","methodName":"InitializeMessages","loadTypes":0,"isUnityClass":true},{"assemblyName":"Unity.VisualScripting.Core","nameSpace":"Unity.VisualScripting","className":"RuntimeVSUsageUtility","methodName":"RuntimeInitializeOnLoadBeforeSceneLoad","loadTypes":1,"isUnityClass":true}]}
